{"validity": 0.7941176470588235, "maccs_smilarity": 0.5884537850238735, "rdk_smilarity": 0.3790518130244853, "morgan_smilarity": 0.2756110134903402}