{"validity": 0.754601226993865, "maccs_smilarity": 0.7561672042051916, "rdk_smilarity": 0.6022292451947517, "morgan_smilarity": 0.5136604554423178}