{"validity": 0.6932515337423313, "maccs_smilarity": 0.9234956655202748, "rdk_smilarity": 0.8794639247905265, "morgan_smilarity": 0.8010767328744707}